{"cameraMode":{"drawMode":0,"name":"Shaded","section":"Shading Mode"},"sceneLighting":true,"audioPlay":false,"sceneViewState":{"m_AlwaysRefresh":false,"showFog":true,"showSkybox":true,"showFlares":true,"showImageEffects":true,"showParticleSystems":true,"showVisualEffectGraphs":true,"m_FxEnabled":true},"in2DMode":false,"pivot":{"x":-0.061227601021528247,"y":-0.8783419132232666,"z":11.776881217956543},"rotation":{"x":0.1924923062324524,"y":-0.5823718905448914,"z":0.14436806738376618,"w":0.7764955163002014},"size":0.8660253882408142,"orthographic":false}