{"cameraMode":{"drawMode":0,"name":"Shaded","section":"Shading Mode"},"sceneLighting":true,"audioPlay":false,"sceneViewState":{"m_AlwaysRefresh":false,"showFog":true,"showSkybox":true,"showFlares":true,"showImageEffects":true,"showParticleSystems":true,"showVisualEffectGraphs":true,"m_FxEnabled":true},"in2DMode":false,"pivot":{"x":-0.06787890195846558,"y":-1.8207809925079346,"z":12.611652374267579},"rotation":{"x":-0.0028827842324972154,"y":-0.9950464367866516,"z":0.09460071474313736,"w":-0.02980700694024563},"size":0.8660253882408142,"orthographic":false}